{"scale": 1e-18, "out": [0.7695831656455994, -17.39661979675293, 0.3811822533607483, 4.388306140899658, -4.244948387145996, -2.8168110847473145, -14.805160522460938, 10.292566299438477, -0.11317837238311768, 1.5758390426635742], "label": 7}