{"scale": 1e-33, "out": [-8.091093063354492, -4.147878170013428, 2.5404715538024902, 2.7615294456481934, -14.79505443572998, -4.678534507751465, -29.76531982421875, 16.13973617553711, -7.14810037612915, 0.8380565643310547], "label": 7}